Car_Name,Year,Selling_Price,Present_Price,Kms_Driven,Fuel_Type,Seller_Type,Transmission,Owner
Mercedes-Benz C-Class,2006,2.29,26.4,82097,Petrol,Individual,Manual,0
Mahindra Bolero,2005,0.87,10.5,18331,Petrol,Individual,Manual,1
Maruti Suzuki Swift,2020,2.13,6.2,180363,CNG,Dealer,Manual,3
Maruti Suzuki Swift,2008,1.1,11.7,99194,Diesel,Individual,Manual,2
Tata Nexon,2006,0.56,7.9,100165,CNG,Dealer,Manual,3
Tata Nexon,2005,0.51,10.1,174794,CNG,Dealer,Manual,0
Honda Amaze,2012,4.49,24.7,71024,Petrol,Dealer,Automatic,3
Toyota Etios,2008,1.52,14.3,64921,CNG,Dealer,Manual,1
Honda Amaze,2008,1.6,15.9,80765,CNG,Individual,Automatic,0
Maruti Suzuki Alto,2013,1.77,8.4,27350,Petrol,Dealer,Manual,3
Mercedes-Benz C-Class,2017,11.33,32.9,46603,Petrol,Dealer,Automatic,3
Hyundai Creta,2019,4.4,9.4,22351,Petrol,Individual,Manual,3
Tata Nexon,2015,2.47,10.6,132696,CNG,Dealer,Manual,0
Mahindra Bolero,2011,1.92,12.5,99174,Petrol,Dealer,Automatic,1
Honda Jazz,2019,7.63,21.0,143085,Petrol,Dealer,Manual,1
Hyundai Verna,2020,5.91,14.5,149029,Petrol,Dealer,Automatic,0
Toyota Etios,2012,2.05,12.1,73143,CNG,Individual,Manual,3
Mahindra Bolero,2007,0.5,5.4,134592,CNG,Individual,Automatic,3
Mahindra Bolero,2009,1.12,11.8,114593,CNG,Dealer,Automatic,3
Honda Amaze,2005,0.7,13.7,164221,CNG,Individual,Manual,0
Mercedes-Benz C-Class,2004,2.87,37.6,18234,Diesel,Individual,Manual,2
Honda City,2020,3.9,10.2,159695,CNG,Dealer,Manual,3
Honda City,2006,0.78,9.6,122997,Diesel,Dealer,Automatic,3
Maruti Suzuki Alto,2006,0.5,4.7,98946,Petrol,Individual,Manual,1
Hyundai Creta,2016,1.49,6.0,131275,Petrol,Individual,Automatic,0
Mahindra Bolero,2003,0.77,14.7,71965,Petrol,Dealer,Automatic,3
Tata Nexon,2004,0.5,5.8,10565,Diesel,Dealer,Automatic,2
Mahindra Bolero,2018,1.87,5.7,87780,Petrol,Individual,Manual,2
Ford EcoSport,2018,2.74,9.5,149231,Petrol,Individual,Manual,1
Maruti Suzuki Baleno,2010,0.9,8.4,159336,Petrol,Individual,Manual,3
Ford EcoSport,2019,3.13,7.5,78358,Petrol,Dealer,Manual,2
Mercedes-Benz C-Class,2012,10.46,50.1,29016,Petrol,Dealer,Manual,0
Mahindra Scorpio,2011,0.75,5.5,101490,Petrol,Individual,Automatic,2
Mahindra Bolero,2012,1.56,10.7,181435,CNG,Individual,Automatic,0
Hyundai Creta,2011,0.87,5.3,38058,CNG,Individual,Automatic,2
Toyota Fortuner,2009,2.23,19.7,79201,CNG,Dealer,Automatic,0
Tata Harrier,2011,0.64,4.5,97439,Petrol,Dealer,Manual,3
Tata Harrier,2020,2.1,4.1,29724,CNG,Individual,Manual,2
Hyundai Creta,2016,1.73,5.4,90808,Diesel,Individual,Automatic,1
Hyundai i20,2014,2.72,12.6,116529,CNG,Individual,Manual,1
Hyundai Verna,2016,1.38,4.3,97080,Diesel,Individual,Automatic,1
Hyundai i20,2015,2.94,13.6,133388,Petrol,Individual,Automatic,2
Honda Amaze,2010,1.49,8.4,60627,Diesel,Dealer,Automatic,0
Honda Jazz,2014,4.23,18.9,114773,CNG,Dealer,Manual,0
Honda Jazz,2008,1.97,17.9,79590,Petrol,Individual,Automatic,2
Toyota Fortuner,2016,4.08,18.3,144066,Petrol,Dealer,Manual,2
Tata Harrier,2003,0.5,9.7,151151,CNG,Individual,Automatic,3
Toyota Fortuner,2013,3.79,19.3,42669,CNG,Dealer,Automatic,3
Toyota Innova,2020,4.15,10.2,120217,CNG,Dealer,Manual,2
Maruti Suzuki Swift,2012,1.05,7.2,122692,CNG,Dealer,Automatic,3
Honda City,2019,6.36,16.0,54483,CNG,Individual,Automatic,2
Honda Amaze,2012,2.37,11.8,62200,Petrol,Individual,Manual,1
BMW 3 Series,2005,2.5,50.0,175089,CNG,Individual,Automatic,3
Hyundai Creta,2003,0.76,13.8,37941,Diesel,Individual,Manual,3
Honda Amaze,2006,1.13,15.8,131803,CNG,Dealer,Automatic,3
Mahindra Bolero,2017,4.4,13.9,134433,Diesel,Dealer,Manual,2
Mahindra Scorpio,2018,4.24,10.9,81984,Diesel,Individual,Automatic,1
Toyota Fortuner,2020,4.59,9.4,49539,Petrol,Dealer,Manual,1
Tata Harrier,2013,1.89,10.0,118992,Petrol,Individual,Automatic,3
Ford EcoSport,2003,0.6,13.4,160913,Diesel,Dealer,Manual,2
Tata Nexon,2016,2.24,9.9,153165,CNG,Individual,Automatic,1
Mahindra XUV500,2003,0.5,8.3,185341,CNG,Dealer,Manual,3
BMW 3 Series,2020,9.85,26.5,113290,CNG,Individual,Manual,3
Tata Tiago,2008,0.5,4.6,109379,Diesel,Individual,Automatic,2
Tata Nexon,2011,2.01,12.3,120510,Diesel,Individual,Automatic,0
Maruti Suzuki Alto,2014,1.48,6.5,27987,CNG,Individual,Manual,1
Maruti Suzuki Swift,2007,0.5,6.6,134141,CNG,Individual,Manual,3
Toyota Etios,2008,1.49,18.3,198313,Petrol,Individual,Automatic,0
Toyota Innova,2015,2.93,14.7,197436,Petrol,Individual,Manual,0
Toyota Innova,2006,1.33,21.5,158355,Petrol,Dealer,Automatic,2
Mercedes-Benz C-Class,2013,5.0,25.7,120115,Diesel,Individual,Automatic,2
Tata Tiago,2007,0.63,8.8,146772,CNG,Dealer,Automatic,3
Ford EcoSport,2011,1.3,7.5,74355,Petrol,Dealer,Automatic,1
Ford EcoSport,2015,1.79,7.7,139579,Diesel,Individual,Automatic,1
Honda Jazz,2013,1.8,12.8,166278,CNG,Dealer,Manual,1
Tata Harrier,2018,3.85,10.1,72999,CNG,Dealer,Automatic,3
Maruti Suzuki Baleno,2012,0.82,6.4,191347,Petrol,Dealer,Automatic,3
Toyota Etios,2016,6.17,24.9,154281,Diesel,Dealer,Automatic,2
Honda Amaze,2006,1.68,20.3,92719,Petrol,Individual,Manual,1
Honda Jazz,2019,7.95,18.1,36352,Petrol,Dealer,Manual,2
Maruti Suzuki Swift,2020,2.65,5.4,21931,Petrol,Dealer,Manual,3
Maruti Suzuki Swift,2012,1.6,9.2,125466,Diesel,Individual,Manual,2
Mahindra XUV500,2006,0.95,13.0,115043,Diesel,Individual,Manual,1
Ford EcoSport,2012,0.83,4.9,75061,Petrol,Dealer,Manual,3
Tata Tiago,2012,2.3,13.5,122415,Diesel,Individual,Manual,1
Honda Jazz,2005,0.78,10.7,55564,CNG,Individual,Manual,0
BMW 3 Series,2018,18.71,41.0,70680,Diesel,Dealer,Automatic,0
Honda Jazz,2009,1.42,15.2,152753,Petrol,Individual,Automatic,1
Hyundai Verna,2012,1.56,10.5,159214,Diesel,Dealer,Manual,3
Tata Nexon,2011,1.3,9.5,139445,Diesel,Individual,Manual,3
BMW 3 Series,2011,4.44,26.4,70011,CNG,Individual,Automatic,0
Hyundai Verna,2018,3.63,9.7,125927,Diesel,Individual,Automatic,3
Mahindra XUV500,2014,1.69,8.5,94163,CNG,Individual,Manual,2
Mahindra XUV500,2012,1.77,11.3,114976,CNG,Individual,Automatic,0
Toyota Fortuner,2006,1.53,24.5,115952,CNG,Individual,Automatic,3
Mahindra Scorpio,2014,1.94,10.8,140676,CNG,Dealer,Manual,1
Hyundai Creta,2012,1.24,8.8,193042,Diesel,Individual,Manual,1
Toyota Innova,2020,3.73,8.2,116952,Petrol,Individual,Manual,3
Mercedes-Benz C-Class,2007,3.97,52.4,197853,Diesel,Dealer,Automatic,3
Honda Amaze,2017,5.49,17.4,110554,Petrol,Individual,Manual,2
Tata Harrier,2013,2.71,14.3,143100,Diesel,Individual,Automatic,2
Ford EcoSport,2018,4.43,13.5,127059,CNG,Dealer,Automatic,2
Mahindra Bolero,2015,2.47,9.0,94352,Petrol,Individual,Automatic,1
Tata Harrier,2004,0.5,7.5,133987,CNG,Dealer,Automatic,1
Maruti Suzuki Alto,2007,0.79,9.5,164712,Diesel,Individual,Automatic,0
Tata Tiago,2003,0.57,11.9,117473,CNG,Individual,Manual,3
Honda Jazz,2013,3.42,18.6,114197,CNG,Individual,Automatic,3
Mercedes-Benz C-Class,2018,31.99,73.0,19410,CNG,Individual,Manual,2
Maruti Suzuki Baleno,2016,3.4,14.8,176133,CNG,Individual,Automatic,1
Maruti Suzuki Swift,2004,0.52,7.6,24711,Diesel,Dealer,Automatic,3
Mahindra Scorpio,2016,3.03,10.2,57200,Petrol,Individual,Manual,3
Honda Amaze,2018,8.98,23.5,47517,Petrol,Dealer,Automatic,3
Maruti Suzuki Swift,2017,3.34,13.9,187631,CNG,Individual,Manual,3
Ford EcoSport,2012,1.58,11.0,121230,CNG,Dealer,Automatic,2
Tata Nexon,2018,1.6,5.2,109972,CNG,Dealer,Automatic,2
Tata Nexon,2011,0.5,4.1,189778,CNG,Individual,Automatic,2
Honda Amaze,2014,3.0,11.7,59841,CNG,Dealer,Manual,0
Mercedes-Benz C-Class,2004,2.69,42.0,125559,Petrol,Dealer,Manual,0
Toyota Fortuner,2016,3.32,11.0,44644,CNG,Dealer,Automatic,1
Mahindra XUV500,2012,2.2,12.2,98792,Petrol,Dealer,Manual,1
Honda Amaze,2015,5.47,24.4,156096,Diesel,Individual,Automatic,0
Hyundai i20,2017,2.37,8.1,186250,Diesel,Dealer,Automatic,0
Mahindra XUV500,2003,0.52,10.8,157169,Diesel,Individual,Manual,3
Toyota Innova,2016,3.32,10.0,21887,Petrol,Dealer,Automatic,0
Mahindra Bolero,2007,0.67,8.3,107258,CNG,Dealer,Manual,3
Mahindra XUV500,2016,3.93,14.3,83332,Petrol,Dealer,Manual,3
Honda Amaze,2014,1.56,9.7,189746,Diesel,Dealer,Manual,3
Hyundai i20,2017,1.5,5.0,65602,CNG,Individual,Manual,2
Hyundai Creta,2009,0.5,4.8,155282,Petrol,Individual,Manual,2
BMW 3 Series,2003,2.62,40.3,47929,Petrol,Dealer,Manual,0
Maruti Suzuki Swift,2007,0.5,4.2,72372,CNG,Dealer,Manual,1
Hyundai Creta,2016,3.65,9.8,26661,Diesel,Dealer,Automatic,0
Honda Amaze,2004,0.91,20.4,182727,CNG,Dealer,Automatic,0
Mahindra XUV500,2015,2.63,8.7,38301,Diesel,Dealer,Manual,0
Hyundai Creta,2005,0.5,5.4,173661,CNG,Dealer,Automatic,2
BMW 3 Series,2016,6.78,30.5,193967,Petrol,Individual,Automatic,3
Tata Harrier,2013,2.34,13.1,114524,Diesel,Individual,Automatic,3
Honda Jazz,2014,4.03,24.2,190046,Diesel,Individual,Manual,0
Hyundai i20,2014,2.23,12.9,155849,Petrol,Dealer,Manual,3
Tata Harrier,2004,0.73,14.7,167393,Diesel,Dealer,Manual,1
Mahindra XUV500,2010,1.64,13.3,101780,CNG,Dealer,Manual,2
Tata Harrier,2020,5.28,14.7,172981,CNG,Individual,Automatic,0
Toyota Innova,2013,3.15,14.0,57554,Petrol,Dealer,Manual,1
Maruti Suzuki Swift,2005,0.9,12.2,66395,Diesel,Dealer,Automatic,2
Toyota Innova,2013,3.04,21.2,158791,CNG,Individual,Manual,1
BMW 3 Series,2004,3.98,62.1,81330,Diesel,Dealer,Automatic,3
Honda City,2019,3.54,9.9,122699,Petrol,Dealer,Automatic,2
Tata Nexon,2004,0.5,4.1,89015,Petrol,Individual,Automatic,2
Maruti Suzuki Swift,2018,4.41,12.2,56057,Petrol,Dealer,Manual,2
Maruti Suzuki Alto,2016,1.36,4.2,30411,Diesel,Dealer,Automatic,3
Tata Nexon,2003,0.87,14.6,55055,CNG,Dealer,Automatic,0
Hyundai i20,2010,1.09,8.8,114975,CNG,Individual,Automatic,2
Honda Amaze,2013,4.23,21.2,30022,CNG,Individual,Manual,2
Mercedes-Benz C-Class,2007,4.19,38.0,48389,Diesel,Individual,Manual,1
Mercedes-Benz C-Class,2005,2.21,34.7,174613,Diesel,Dealer,Automatic,2
Mercedes-Benz C-Class,2013,8.14,33.3,27900,Diesel,Dealer,Automatic,2
Toyota Etios,2019,3.81,9.3,131043,Diesel,Individual,Manual,2
Maruti Suzuki Baleno,2005,0.72,10.8,142924,Diesel,Dealer,Manual,3
Ford EcoSport,2009,0.64,7.5,134683,CNG,Individual,Manual,3
Toyota Fortuner,2005,1.23,16.6,55235,Petrol,Individual,Automatic,3
BMW 3 Series,2008,5.65,45.0,84158,Diesel,Dealer,Automatic,0
Mercedes-Benz C-Class,2013,6.39,28.6,34774,CNG,Dealer,Automatic,2
BMW 3 Series,2007,3.34,43.3,162761,CNG,Individual,Automatic,2
Tata Nexon,2007,1.24,10.5,32208,Diesel,Dealer,Automatic,1
Mahindra Scorpio,2005,0.65,11.1,120993,CNG,Dealer,Manual,2
Honda City,2013,3.8,24.1,137473,Petrol,Individual,Manual,1
Hyundai i20,2019,4.01,12.5,148027,Petrol,Dealer,Manual,3
Hyundai Verna,2008,1.47,11.9,21453,Diesel,Dealer,Manual,3
Tata Tiago,2010,1.32,9.9,91125,Diesel,Individual,Automatic,3
Toyota Innova,2015,3.4,16.5,119749,Petrol,Individual,Manual,2
Mahindra XUV500,2014,2.68,10.1,36893,CNG,Individual,Automatic,0
Honda Jazz,2017,8.88,23.4,48626,Diesel,Individual,Manual,3
Maruti Suzuki Swift,2016,1.25,4.6,141598,Diesel,Individual,Automatic,0
Maruti Suzuki Swift,2013,1.8,14.2,197355,CNG,Dealer,Manual,1
Mahindra XUV500,2007,1.03,12.3,132974,Diesel,Individual,Manual,0
Hyundai Creta,2020,4.89,14.3,169614,CNG,Dealer,Manual,2
Hyundai i20,2004,0.5,6.6,177497,CNG,Dealer,Manual,0
Mahindra XUV500,2020,1.57,4.2,145102,CNG,Individual,Manual,2
BMW 3 Series,2014,9.1,38.2,119200,Petrol,Individual,Automatic,0
Mahindra Bolero,2019,3.87,12.7,143070,CNG,Individual,Automatic,3
Tata Nexon,2014,2.02,6.8,14257,Diesel,Individual,Automatic,1
Mercedes-Benz C-Class,2006,5.6,67.4,97167,Petrol,Individual,Automatic,2
Hyundai Verna,2017,4.37,14.8,135444,CNG,Individual,Manual,0
Tata Tiago,2004,0.52,7.2,21483,Petrol,Individual,Automatic,2
Mahindra Bolero,2018,2.28,6.8,179581,Petrol,Dealer,Automatic,0
Toyota Fortuner,2011,1.47,10.1,106474,Diesel,Dealer,Automatic,3
Hyundai Verna,2018,3.43,11.6,106297,CNG,Dealer,Manual,3
BMW 3 Series,2008,5.37,55.0,94203,Petrol,Individual,Automatic,2
BMW 3 Series,2016,9.47,34.2,126367,Diesel,Dealer,Manual,2
Tata Harrier,2011,2.2,11.0,25036,Petrol,Dealer,Automatic,1
Hyundai Creta,2017,1.77,4.4,27624,Petrol,Dealer,Automatic,3
Maruti Suzuki Alto,2007,1.07,11.5,107246,Diesel,Dealer,Manual,1
Tata Nexon,2013,2.11,11.1,75434,Petrol,Individual,Manual,3
Mahindra Bolero,2006,0.55,6.9,78233,CNG,Dealer,Manual,2
Mahindra XUV500,2009,0.84,5.3,29412,Diesel,Individual,Automatic,0
Toyota Fortuner,2014,3.91,20.1,154178,CNG,Dealer,Automatic,1
Mercedes-Benz C-Class,2008,5.82,68.7,143367,Petrol,Individual,Manual,1
Mahindra XUV500,2003,0.5,8.0,160019,Diesel,Dealer,Manual,0
Tata Nexon,2018,3.2,9.8,117330,CNG,Individual,Manual,2
Tata Tiago,2017,3.42,11.5,100312,Petrol,Individual,Manual,3
Maruti Suzuki Alto,2006,0.77,9.7,89724,Petrol,Individual,Automatic,1
Mahindra Scorpio,2012,2.39,13.3,75694,Petrol,Dealer,Manual,2
Maruti Suzuki Baleno,2019,3.74,11.1,165139,CNG,Individual,Manual,2
Ford EcoSport,2004,1.03,13.1,17437,Petrol,Individual,Automatic,1
Tata Harrier,2003,0.5,9.5,174407,CNG,Dealer,Automatic,3
Tata Nexon,2012,1.12,9.0,190515,Petrol,Individual,Automatic,3
Honda City,2013,3.08,18.3,91941,CNG,Dealer,Automatic,3
Toyota Etios,2019,7.12,17.5,93654,Petrol,Dealer,Manual,2
Hyundai Creta,2006,0.5,4.6,110702,CNG,Dealer,Manual,1
Ford EcoSport,2013,1.39,6.1,51770,Diesel,Dealer,Automatic,2
Maruti Suzuki Baleno,2015,2.53,9.6,73105,Petrol,Dealer,Manual,0
BMW 3 Series,2018,18.49,40.7,12143,Petrol,Dealer,Manual,2
Tata Nexon,2014,1.01,4.5,23410,CNG,Individual,Automatic,2
Mahindra Scorpio,2017,3.93,12.4,83327,CNG,Individual,Manual,0
Toyota Fortuner,2020,12.05,24.0,47818,Petrol,Dealer,Manual,0
Toyota Fortuner,2018,6.04,16.8,49043,CNG,Individual,Automatic,2
BMW 3 Series,2012,8.58,57.7,142989,CNG,Dealer,Automatic,3
Toyota Etios,2013,3.06,19.5,119193,CNG,Dealer,Manual,3
Mercedes-Benz C-Class,2010,8.13,64.7,162967,Diesel,Individual,Automatic,1
Honda Amaze,2004,0.74,17.7,193637,Petrol,Individual,Manual,3
Hyundai Creta,2016,3.01,11.6,117577,CNG,Dealer,Manual,1
Mahindra Bolero,2013,2.57,15.0,135402,CNG,Dealer,Automatic,1
Mahindra Bolero,2013,1.62,10.0,187174,CNG,Dealer,Automatic,1
Honda Jazz,2020,6.55,13.1,88017,Diesel,Individual,Automatic,2
Mahindra Bolero,2011,0.95,7.2,160333,CNG,Dealer,Automatic,2
Hyundai Creta,2012,0.61,4.5,197207,Petrol,Dealer,Automatic,2
Honda City,2009,2.7,22.1,81075,CNG,Dealer,Manual,0
Ford EcoSport,2010,0.62,6.7,185592,CNG,Individual,Manual,0
Toyota Fortuner,2018,3.82,9.7,46036,Petrol,Individual,Automatic,3
Honda City,2012,2.02,13.5,179318,Petrol,Individual,Manual,0
Hyundai Verna,2016,4.85,13.7,56081,Petrol,Dealer,Automatic,1
Toyota Innova,2004,0.5,8.2,158887,CNG,Individual,Automatic,2
Mercedes-Benz C-Class,2020,30.17,53.8,45179,CNG,Dealer,Automatic,1
Toyota Fortuner,2008,1.76,20.4,179944,Diesel,Individual,Manual,2
Ford EcoSport,2009,0.6,5.9,177438,Diesel,Dealer,Automatic,0
Hyundai i20,2008,1.35,14.8,135161,Diesel,Individual,Manual,2
Tata Tiago,2011,2.16,14.5,89153,CNG,Individual,Automatic,2
Maruti Suzuki Alto,2006,0.8,9.1,51868,Diesel,Dealer,Manual,2
Honda Amaze,2010,2.94,24.3,135352,Petrol,Dealer,Automatic,3
Mahindra XUV500,2020,5.89,12.8,67255,Petrol,Individual,Automatic,2
Ford EcoSport,2006,0.5,4.7,153562,CNG,Individual,Manual,1
Mahindra Scorpio,2017,1.77,5.3,63844,CNG,Dealer,Manual,3
Tata Tiago,2007,0.78,9.6,129746,CNG,Individual,Automatic,2
Tata Nexon,2011,1.79,13.0,67121,CNG,Individual,Manual,3
Maruti Suzuki Baleno,2020,7.77,14.9,28092,Diesel,Individual,Automatic,3
Hyundai Creta,2016,2.6,8.1,110264,Diesel,Dealer,Automatic,0
Mahindra Bolero,2007,1.06,11.2,101165,Petrol,Individual,Automatic,1
Honda Amaze,2003,1.19,20.9,88214,Diesel,Dealer,Automatic,1
Toyota Etios,2007,1.24,12.7,39581,Petrol,Dealer,Manual,1
Hyundai i20,2004,0.5,8.9,186166,CNG,Individual,Manual,0
Honda Amaze,2020,6.49,11.7,24796,Petrol,Dealer,Manual,2
Toyota Fortuner,2010,1.74,13.1,47554,CNG,Individual,Automatic,2
Mahindra Bolero,2008,1.06,10.9,121988,CNG,Dealer,Manual,2
Tata Nexon,2019,2.78,7.5,119137,Diesel,Individual,Automatic,3
Mahindra Bolero,2018,2.94,6.7,69072,Diesel,Individual,Automatic,0
Tata Harrier,2020,4.5,9.8,111821,Petrol,Dealer,Manual,2
Tata Tiago,2014,0.81,5.0,199945,Petrol,Individual,Automatic,3
BMW 3 Series,2004,5.09,73.0,59325,CNG,Individual,Automatic,1
Toyota Fortuner,2012,5.02,24.3,14019,Petrol,Individual,Manual,3
BMW 3 Series,2009,5.3,46.8,72739,CNG,Dealer,Automatic,3
Mercedes-Benz C-Class,2014,9.8,42.0,104278,CNG,Dealer,Automatic,0
Mahindra XUV500,2013,2.96,14.1,107178,Diesel,Dealer,Manual,1
Maruti Suzuki Swift,2011,1.17,10.1,163100,CNG,Dealer,Automatic,1
Honda Amaze,2015,5.23,17.7,74416,Diesel,Dealer,Automatic,3
Mercedes-Benz C-Class,2018,20.11,50.3,102320,Petrol,Individual,Automatic,1
Mahindra Bolero,2004,0.57,9.8,29485,CNG,Individual,Manual,3
Mercedes-Benz C-Class,2010,3.81,28.7,49591,Petrol,Individual,Automatic,2
Mercedes-Benz C-Class,2018,28.38,61.3,14123,Petrol,Dealer,Manual,0
Honda Jazz,2020,15.04,24.6,14493,CNG,Dealer,Manual,0
Mahindra Scorpio,2007,0.5,6.7,172471,CNG,Dealer,Automatic,2
Maruti Suzuki Baleno,2014,2.78,14.6,130323,CNG,Individual,Manual,2
Maruti Suzuki Baleno,2004,0.5,5.0,109421,Diesel,Dealer,Manual,0
Maruti Suzuki Baleno,2018,3.8,13.3,179058,Diesel,Individual,Manual,1
Ford EcoSport,2018,3.12,7.0,29489,CNG,Dealer,Manual,1
Toyota Fortuner,2003,1.0,24.3,163887,Petrol,Dealer,Manual,2
Honda Amaze,2015,4.6,19.5,151705,Diesel,Dealer,Manual,0
Toyota Etios,2004,0.58,9.7,70855,Petrol,Dealer,Automatic,2
Honda Jazz,2017,5.3,16.3,103273,CNG,Dealer,Automatic,1
Tata Nexon,2005,0.8,12.5,87431,Petrol,Individual,Manual,2
Mercedes-Benz C-Class,2007,6.96,65.7,93015,Diesel,Individual,Manual,0
Tata Tiago,2014,2.88,12.4,36799,Petrol,Individual,Manual,3
Mahindra Bolero,2019,4.46,8.5,16884,Petrol,Dealer,Manual,2
Maruti Suzuki Swift,2012,1.4,8.6,32203,CNG,Individual,Manual,3
Honda Jazz,2012,2.34,12.6,48255,Petrol,Individual,Automatic,2
Mahindra XUV500,2005,0.5,8.0,74642,CNG,Dealer,Manual,3
Toyota Innova,2003,1.16,24.1,97088,CNG,Dealer,Automatic,3
Mercedes-Benz C-Class,2007,2.7,41.5,168128,CNG,Individual,Automatic,2
Tata Nexon,2013,0.96,7.2,192179,CNG,Dealer,Manual,2
Tata Nexon,2014,1.0,5.3,157810,Petrol,Individual,Manual,3
Honda City,2017,5.7,21.6,191622,Petrol,Dealer,Automatic,1
Honda Amaze,2011,2.36,19.2,197494,Diesel,Dealer,Manual,3
Mahindra XUV500,2015,1.93,9.9,191327,Diesel,Individual,Automatic,0
Honda Amaze,2014,1.75,10.8,170609,Petrol,Dealer,Automatic,3
Hyundai i20,2011,0.77,6.4,145999,CNG,Individual,Automatic,2
Ford EcoSport,2019,3.1,5.7,16438,Diesel,Individual,Automatic,3
Maruti Suzuki Baleno,2006,1.26,13.1,47139,Diesel,Dealer,Automatic,3
Mahindra Scorpio,2018,3.56,7.8,35591,Diesel,Dealer,Automatic,0
Hyundai i20,2003,0.57,13.3,179861,Petrol,Individual,Manual,1
Toyota Fortuner,2020,6.84,15.2,131124,Petrol,Dealer,Manual,1
Tata Harrier,2015,0.77,4.3,170984,Petrol,Dealer,Automatic,3
Honda City,2009,1.03,12.7,194486,Petrol,Individual,Manual,2
Tata Tiago,2006,0.5,6.9,138315,CNG,Dealer,Automatic,3
Toyota Etios,2014,3.9,22.4,171837,Petrol,Dealer,Manual,1
Honda Amaze,2012,1.54,10.0,107859,CNG,Individual,Automatic,3
Ford EcoSport,2015,1.65,8.7,137577,CNG,Individual,Manual,3
Hyundai Verna,2013,1.84,13.3,172374,Petrol,Dealer,Manual,3
Tata Nexon,2020,4.15,9.6,139753,Diesel,Dealer,Automatic,3
Maruti Suzuki Baleno,2003,0.8,12.8,67810,Diesel,Individual,Automatic,1
Hyundai Verna,2017,2.83,10.2,139843,CNG,Individual,Manual,2
Toyota Etios,2020,10.26,22.0,20907,CNG,Dealer,Manual,3
Mercedes-Benz C-Class,2010,7.26,41.4,18449,Diesel,Dealer,Automatic,0
Hyundai i20,2010,0.7,6.3,164120,CNG,Dealer,Automatic,1
Honda City,2009,2.4,21.7,159441,Diesel,Dealer,Manual,2
Toyota Innova,2012,2.54,17.7,144850,CNG,Individual,Manual,3
Honda Jazz,2007,2.17,19.9,44784,Petrol,Individual,Automatic,1
Tata Nexon,2018,1.55,5.6,175780,Diesel,Dealer,Automatic,3
Maruti Suzuki Baleno,2015,2.25,9.7,82935,CNG,Dealer,Automatic,3
Maruti Suzuki Swift,2005,0.65,12.0,130179,CNG,Dealer,Manual,3
Tata Harrier,2009,1.15,9.4,94637,Diesel,Dealer,Manual,3
Maruti Suzuki Alto,2004,0.5,5.1,130476,Petrol,Individual,Manual,3
Tata Harrier,2009,1.68,15.0,44580,CNG,Dealer,Manual,2
Toyota Etios,2011,1.0,9.4,184196,CNG,Individual,Manual,3
Honda Amaze,2016,3.5,19.1,194470,Petrol,Individual,Manual,3
Ford EcoSport,2010,1.37,9.7,126671,Petrol,Individual,Automatic,0
Tata Harrier,2007,0.92,9.3,70017,Diesel,Individual,Manual,0
Toyota Innova,2007,1.46,14.5,44903,CNG,Individual,Manual,0
Hyundai Verna,2017,2.68,7.9,65851,CNG,Individual,Automatic,3
Maruti Suzuki Baleno,2006,0.5,5.5,42284,CNG,Dealer,Automatic,3
Hyundai Creta,2010,0.99,7.0,32085,Petrol,Dealer,Manual,2
BMW 3 Series,2019,13.51,35.4,112695,Diesel,Individual,Manual,3
Honda Amaze,2018,7.01,18.8,28615,CNG,Individual,Automatic,2
Ford EcoSport,2016,1.86,8.0,189029,Petrol,Dealer,Manual,0
Maruti Suzuki Swift,2011,1.2,6.4,25851,Diesel,Dealer,Automatic,3
Maruti Suzuki Baleno,2020,5.79,9.9,50024,Diesel,Individual,Automatic,0
Honda City,2007,1.41,17.1,112427,CNG,Individual,Automatic,3
Honda Amaze,2004,0.71,12.2,123897,Petrol,Dealer,Manual,2
Hyundai Verna,2006,0.5,4.1,45969,CNG,Individual,Manual,3
Mahindra Scorpio,2019,4.41,12.6,198944,Diesel,Individual,Automatic,1
Honda Jazz,2006,2.14,21.1,17695,Diesel,Dealer,Automatic,0
Ford EcoSport,2005,0.61,9.5,143898,Diesel,Individual,Automatic,1
Honda Jazz,2006,1.26,23.2,186716,CNG,Individual,Manual,0
Maruti Suzuki Swift,2010,0.63,4.5,105414,Diesel,Individual,Manual,0
Mercedes-Benz C-Class,2016,12.76,37.3,75080,Diesel,Dealer,Automatic,0
Hyundai i20,2019,4.76,11.4,23807,Petrol,Individual,Manual,3
Tata Tiago,2012,2.32,12.5,91447,Diesel,Individual,Automatic,0
Toyota Innova,2012,4.24,20.6,73591,Diesel,Dealer,Automatic,1
Mahindra Bolero,2010,0.82,5.7,117488,Petrol,Individual,Automatic,0
Maruti Suzuki Swift,2015,3.13,13.3,90612,Petrol,Individual,Manual,3
Maruti Suzuki Alto,2007,1.2,11.8,34386,Petrol,Individual,Automatic,2
Maruti Suzuki Baleno,2006,0.61,9.6,177042,Diesel,Individual,Manual,3
Hyundai Creta,2010,0.94,7.2,92577,Diesel,Dealer,Automatic,3
Maruti Suzuki Baleno,2009,0.52,5.5,163277,Petrol,Individual,Manual,1
Toyota Fortuner,2016,2.62,10.1,103922,Petrol,Dealer,Automatic,3
Hyundai i20,2005,0.5,5.7,189845,Diesel,Individual,Manual,2
Honda Amaze,2014,3.43,14.7,22832,CNG,Dealer,Automatic,1
Tata Nexon,2017,3.12,10.1,154210,Petrol,Individual,Automatic,0
Hyundai Creta,2006,0.5,4.1,68271,Petrol,Individual,Automatic,2
Mercedes-Benz C-Class,2005,4.45,57.0,77848,Petrol,Individual,Manual,1
Tata Tiago,2007,0.5,5.0,96913,Petrol,Individual,Automatic,0
Ford EcoSport,2016,3.32,13.0,113546,Diesel,Individual,Automatic,3
Honda City,2008,1.15,12.7,126919,Petrol,Individual,Manual,2
Mahindra Bolero,2018,1.96,4.7,83341,Diesel,Individual,Automatic,1
Mahindra Scorpio,2010,1.22,10.9,152516,Petrol,Dealer,Automatic,3
Mahindra XUV500,2014,2.71,14.0,141699,Diesel,Dealer,Automatic,1
BMW 3 Series,2010,4.13,26.6,83644,Petrol,Dealer,Automatic,1
Hyundai i20,2010,1.32,11.2,79868,CNG,Individual,Manual,3
Hyundai Verna,2008,0.69,6.6,93362,CNG,Dealer,Manual,2
Ford EcoSport,2007,0.91,10.2,59344,Diesel,Dealer,Manual,3
Maruti Suzuki Alto,2010,1.69,10.6,15224,CNG,Dealer,Manual,2
Honda City,2007,1.44,13.8,56520,Diesel,Individual,Manual,1
Hyundai Creta,2006,1.07,13.3,105653,Petrol,Dealer,Automatic,0
Toyota Fortuner,2007,2.12,24.6,124522,CNG,Dealer,Automatic,1
Mahindra Bolero,2014,1.11,6.5,164389,Petrol,Dealer,Automatic,2
Maruti Suzuki Swift,2015,2.97,13.4,158762,Petrol,Individual,Automatic,1
Hyundai i20,2018,2.51,5.5,30396,Petrol,Dealer,Automatic,1
Maruti Suzuki Baleno,2013,1.64,8.9,79523,Petrol,Individual,Manual,2
Hyundai i20,2003,0.5,4.5,124876,CNG,Dealer,Manual,3
Tata Nexon,2014,2.26,10.0,36588,Diesel,Individual,Manual,3
Maruti Suzuki Alto,2012,0.82,4.2,78453,Petrol,Individual,Automatic,1
Hyundai Verna,2005,0.87,10.0,34406,Diesel,Dealer,Manual,3
Hyundai Verna,2016,1.89,5.7,36544,Diesel,Individual,Manual,3
Mahindra Bolero,2011,1.63,11.3,87961,Petrol,Individual,Manual,3
Mahindra XUV500,2007,0.5,4.6,11000,Diesel,Individual,Automatic,3
Maruti Suzuki Swift,2009,0.73,5.9,86496,Petrol,Dealer,Manual,2
Mahindra XUV500,2018,5.57,13.8,79469,Petrol,Dealer,Manual,2
Toyota Etios,2008,1.94,15.6,79021,Diesel,Dealer,Automatic,1
Ford EcoSport,2004,0.5,5.7,192575,CNG,Individual,Manual,2
Tata Harrier,2010,1.26,10.1,111477,CNG,Dealer,Automatic,1
Maruti Suzuki Baleno,2015,2.27,13.9,197250,Petrol,Individual,Manual,3
Hyundai Verna,2009,1.51,12.9,43078,Petrol,Dealer,Manual,3
Mercedes-Benz C-Class,2007,6.59,70.9,77603,Diesel,Individual,Manual,3
Mahindra Bolero,2013,2.47,13.4,146233,Diesel,Individual,Automatic,0
Hyundai Creta,2006,0.89,14.2,157504,Petrol,Dealer,Automatic,3
Mercedes-Benz C-Class,2018,16.72,56.5,134006,Petrol,Individual,Automatic,3
BMW 3 Series,2015,6.48,27.1,96899,CNG,Individual,Manual,3
Toyota Etios,2003,0.93,13.7,89444,Diesel,Dealer,Automatic,0
Honda Amaze,2007,1.15,13.1,126158,Diesel,Dealer,Automatic,0
Honda City,2016,5.31,20.6,145397,Diesel,Individual,Manual,0
Mahindra Scorpio,2015,1.22,5.5,147438,CNG,Individual,Manual,1
Honda City,2004,0.65,12.2,129655,Petrol,Dealer,Manual,2
Tata Tiago,2019,3.61,8.4,42472,CNG,Individual,Manual,2
Tata Tiago,2008,1.43,14.6,134408,CNG,Dealer,Automatic,1
Honda Jazz,2005,0.88,12.8,111335,Petrol,Individual,Manual,1
Honda City,2011,2.65,19.1,144553,Petrol,Individual,Automatic,1
BMW 3 Series,2003,1.81,37.3,169473,Diesel,Dealer,Automatic,3
Tata Tiago,2011,0.97,6.4,89205,CNG,Dealer,Manual,0
Toyota Etios,2020,6.7,19.0,169658,Diesel,Dealer,Manual,3
Honda Jazz,2013,4.4,22.6,78458,CNG,Dealer,Manual,1
Honda Amaze,2004,1.24,21.7,167295,Diesel,Dealer,Manual,0
Toyota Innova,2011,3.52,23.4,116063,Diesel,Individual,Manual,2
Honda Amaze,2020,8.56,18.9,134711,CNG,Dealer,Automatic,1
Mahindra Bolero,2008,0.67,7.2,133412,Petrol,Dealer,Manual,2
Honda Amaze,2014,2.84,11.8,90500,Diesel,Dealer,Automatic,2
Tata Tiago,2006,0.57,9.2,176303,CNG,Individual,Automatic,1
Tata Nexon,2019,3.38,7.3,24172,Petrol,Individual,Manual,2
Ford EcoSport,2017,1.38,5.6,197608,Petrol,Individual,Automatic,2
Hyundai Verna,2013,2.78,11.0,11235,Diesel,Dealer,Manual,1
Hyundai Verna,2018,5.15,12.6,33079,Petrol,Dealer,Automatic,3
Mahindra XUV500,2015,0.92,4.1,149927,Petrol,Dealer,Manual,2
Mahindra Scorpio,2009,0.52,4.2,11081,CNG,Individual,Manual,2
Hyundai i20,2015,2.52,9.5,90246,Petrol,Individual,Manual,2
Tata Tiago,2019,4.3,10.6,98561,Diesel,Individual,Automatic,3
Honda City,2008,2.19,24.1,115746,Petrol,Individual,Manual,1
Maruti Suzuki Swift,2019,2.38,5.9,106099,CNG,Individual,Automatic,2
BMW 3 Series,2004,4.21,57.7,22572,CNG,Individual,Manual,0
Tata Harrier,2017,2.51,8.2,153466,Diesel,Dealer,Manual,1
Mercedes-Benz C-Class,2003,1.78,41.6,183451,Petrol,Dealer,Manual,3
Hyundai i20,2019,5.18,11.9,40863,Diesel,Individual,Manual,3
Honda City,2011,3.56,22.1,62867,Diesel,Dealer,Automatic,1
Mahindra XUV500,2009,1.35,11.6,136003,Diesel,Individual,Manual,0
Hyundai i20,2018,2.23,5.6,33614,CNG,Individual,Manual,2
Tata Tiago,2012,1.3,6.9,23128,Petrol,Individual,Manual,2
Toyota Fortuner,2016,6.46,20.6,34903,Petrol,Individual,Manual,1
Tata Tiago,2011,2.54,13.7,34366,Diesel,Dealer,Manual,0
Tata Tiago,2011,1.54,13.2,190853,Diesel,Dealer,Manual,0
Maruti Suzuki Alto,2008,0.5,5.1,164861,Diesel,Dealer,Manual,3
BMW 3 Series,2003,4.34,72.4,44250,Diesel,Dealer,Manual,3
Maruti Suzuki Baleno,2011,2.0,11.2,13240,CNG,Individual,Automatic,0
Honda Amaze,2018,3.53,13.9,187286,CNG,Dealer,Manual,0
Hyundai Verna,2019,4.64,13.3,139980,Petrol,Individual,Automatic,2
Honda Jazz,2004,0.79,16.6,154309,CNG,Dealer,Automatic,1
Tata Tiago,2017,1.5,5.0,140667,Diesel,Dealer,Manual,3
Maruti Suzuki Swift,2006,0.78,8.4,19393,CNG,Individual,Manual,2
Mahindra Bolero,2009,1.35,11.2,129592,Diesel,Dealer,Manual,1
Toyota Fortuner,2020,8.5,21.0,167273,Diesel,Dealer,Automatic,0
Honda Amaze,2003,0.71,13.8,176110,Diesel,Dealer,Manual,0
Mahindra XUV500,2007,0.88,13.0,199152,Diesel,Individual,Automatic,1
Tata Nexon,2009,0.93,9.0,59959,CNG,Dealer,Manual,3
Mercedes-Benz C-Class,2006,5.47,67.5,128097,Diesel,Individual,Automatic,0
Maruti Suzuki Alto,2020,5.41,14.3,163385,Diesel,Individual,Manual,1
BMW 3 Series,2013,10.81,52.7,110837,Diesel,Individual,Automatic,3
Toyota Innova,2017,8.1,21.7,46223,Diesel,Dealer,Automatic,1
BMW 3 Series,2012,9.21,62.8,186258,Petrol,Individual,Automatic,0
Mahindra Bolero,2018,2.94,10.4,184891,CNG,Dealer,Automatic,3
Mahindra Scorpio,2006,0.5,4.3,48096,Petrol,Individual,Manual,2
Hyundai Verna,2012,2.22,11.5,48385,Petrol,Dealer,Manual,0
Tata Tiago,2006,0.64,10.8,187085,CNG,Individual,Automatic,1
Toyota Innova,2004,1.61,23.8,111595,Diesel,Dealer,Manual,0
Honda City,2017,5.27,22.1,176143,CNG,Dealer,Manual,1
Hyundai Verna,2005,0.5,6.1,55559,CNG,Individual,Automatic,0
Mahindra Bolero,2011,0.71,5.4,163088,Diesel,Individual,Automatic,3
Hyundai Creta,2004,0.5,5.7,94575,CNG,Individual,Automatic,3
Mahindra Bolero,2014,0.9,4.8,195514,Diesel,Individual,Manual,0
Hyundai Verna,2016,2.82,10.0,115753,Petrol,Dealer,Manual,1
Toyota Fortuner,2014,2.38,13.0,172078,CNG,Dealer,Manual,0
Tata Tiago,2010,1.33,13.9,170878,CNG,Individual,Manual,2
Hyundai i20,2015,1.27,6.8,199785,Diesel,Individual,Automatic,3
Toyota Innova,2009,1.74,13.4,31586,Petrol,Individual,Manual,0
Mercedes-Benz C-Class,2009,8.74,72.6,121203,Petrol,Individual,Automatic,0
Hyundai Creta,2003,0.5,9.1,96957,Petrol,Individual,Manual,0
Honda Jazz,2020,4.89,9.2,69675,Diesel,Dealer,Automatic,3
Tata Harrier,2013,0.67,4.2,186501,Petrol,Individual,Manual,0
Maruti Suzuki Baleno,2014,3.88,14.2,37822,Diesel,Dealer,Manual,2
Tata Tiago,2015,1.53,8.3,183204,Petrol,Dealer,Manual,1
Tata Nexon,2020,2.97,7.2,176211,Petrol,Dealer,Automatic,0
Mahindra Bolero,2007,0.52,5.4,11318,CNG,Dealer,Manual,2
Toyota Etios,2009,1.23,15.0,179327,CNG,Individual,Manual,1
Honda Jazz,2009,0.86,9.9,185892,CNG,Individual,Automatic,0
Maruti Suzuki Baleno,2011,0.72,5.1,162199,Diesel,Dealer,Automatic,1
Honda Amaze,2006,1.12,12.8,28299,Petrol,Dealer,Automatic,3
Toyota Innova,2007,1.63,17.6,105549,Diesel,Dealer,Manual,0
Honda Amaze,2016,3.42,12.7,104237,Petrol,Dealer,Automatic,3
Toyota Innova,2018,7.34,17.4,56077,CNG,Individual,Automatic,1
Honda City,2011,2.69,20.5,174264,Petrol,Individual,Manual,0
Ford EcoSport,2015,3.41,12.5,65773,Petrol,Dealer,Automatic,1
Honda Amaze,2012,1.47,10.3,141366,CNG,Individual,Automatic,2
Honda Amaze,2008,2.61,20.9,46797,Diesel,Individual,Manual,1
Mahindra XUV500,2014,0.81,4.4,137832,Petrol,Individual,Automatic,2
Honda City,2019,9.78,23.4,104699,Diesel,Dealer,Automatic,0
Mercedes-Benz C-Class,2013,5.02,30.7,146674,CNG,Dealer,Automatic,1
Tata Nexon,2014,2.67,10.5,30404,CNG,Dealer,Automatic,1
Toyota Etios,2014,2.66,16.3,136382,CNG,Individual,Manual,3
Maruti Suzuki Baleno,2019,4.88,11.1,65447,Petrol,Individual,Manual,2
Hyundai i20,2010,1.03,8.6,96566,CNG,Individual,Automatic,3
Ford EcoSport,2008,1.08,11.1,117714,Petrol,Individual,Manual,1
Hyundai Verna,2007,1.04,10.9,20273,CNG,Individual,Manual,1
Hyundai Verna,2019,4.7,14.5,167117,CNG,Individual,Automatic,0
BMW 3 Series,2018,30.48,72.7,54713,Petrol,Dealer,Manual,1
Mahindra Scorpio,2011,0.69,5.8,189723,Diesel,Dealer,Manual,1
Hyundai Creta,2006,0.5,4.2,147025,CNG,Dealer,Manual,0
BMW 3 Series,2004,3.56,73.3,149311,CNG,Individual,Manual,3
BMW 3 Series,2020,26.62,70.5,187880,CNG,Dealer,Automatic,2
Mahindra Scorpio,2016,1.54,6.5,136385,Diesel,Dealer,Manual,3
Mahindra XUV500,2010,2.11,14.0,31972,Diesel,Dealer,Automatic,1
Maruti Suzuki Swift,2019,2.61,5.3,11885,Diesel,Individual,Automatic,3
Hyundai Creta,2016,3.89,11.2,76488,Diesel,Dealer,Automatic,2
Tata Nexon,2009,0.8,8.5,156161,Diesel,Individual,Automatic,3
Toyota Innova,2014,4.15,21.2,114367,CNG,Individual,Manual,1
Hyundai Verna,2006,0.52,6.4,115004,Diesel,Individual,Manual,3
Maruti Suzuki Swift,2005,0.78,13.1,133645,CNG,Dealer,Manual,0
Toyota Etios,2005,1.17,18.4,199921,Diesel,Dealer,Automatic,0
Hyundai Verna,2018,3.66,8.8,62876,CNG,Dealer,Manual,0
Mahindra Scorpio,2019,4.18,11.7,171268,Petrol,Individual,Automatic,1
Hyundai Verna,2005,1.09,15.0,114709,Diesel,Dealer,Automatic,1
Maruti Suzuki Baleno,2005,0.54,10.0,156568,CNG,Dealer,Automatic,2
Honda City,2017,6.13,23.8,160708,Petrol,Dealer,Manual,3
Mahindra Bolero,2005,0.7,9.5,99120,Petrol,Dealer,Automatic,3
Ford EcoSport,2018,4.19,12.5,99040,Diesel,Dealer,Manual,3
Maruti Suzuki Baleno,2015,2.92,11.0,67771,CNG,Individual,Automatic,3
Mahindra Scorpio,2020,1.99,4.1,79035,Petrol,Dealer,Manual,3
Toyota Fortuner,2005,1.57,17.4,56788,Diesel,Dealer,Automatic,1
Honda Jazz,2008,2.01,24.1,189072,Petrol,Dealer,Manual,1
Honda Jazz,2009,1.33,11.9,75456,CNG,Dealer,Manual,0
Maruti Suzuki Baleno,2018,3.44,10.8,151944,Petrol,Dealer,Automatic,2
Ford EcoSport,2011,1.2,9.4,143990,Diesel,Dealer,Manual,1
Tata Harrier,2018,6.14,14.3,18536,CNG,Dealer,Automatic,1
Hyundai i20,2019,2.75,9.1,190672,Petrol,Individual,Manual,3
Toyota Fortuner,2014,4.12,18.4,78078,Petrol,Dealer,Manual,2
BMW 3 Series,2013,7.86,45.1,140749,Diesel,Individual,Automatic,2
Tata Nexon,2011,1.16,9.0,159791,Petrol,Individual,Manual,2
Mahindra Bolero,2016,4.07,13.4,61396,Petrol,Individual,Automatic,0
Mahindra XUV500,2007,0.99,15.0,175321,CNG,Dealer,Automatic,2
Ford EcoSport,2004,0.5,8.4,191021,Petrol,Individual,Manual,2
Mercedes-Benz C-Class,2006,4.02,49.7,97728,Diesel,Dealer,Automatic,2
Tata Harrier,2006,0.5,7.9,188149,CNG,Individual,Manual,2
Mahindra Scorpio,2018,4.25,12.5,127160,Petrol,Dealer,Automatic,3
Hyundai Creta,2008,1.14,11.0,98444,Diesel,Dealer,Manual,0
Honda Amaze,2013,2.75,13.4,86377,CNG,Dealer,Automatic,2
Toyota Etios,2019,9.96,24.4,118524,Petrol,Individual,Manual,1
Honda Jazz,2005,0.73,11.6,114083,Petrol,Individual,Manual,3
Maruti Suzuki Swift,2015,3.05,9.8,31823,Petrol,Dealer,Manual,0
Tata Nexon,2012,1.07,6.5,84494,Diesel,Individual,Manual,1
Toyota Etios,2013,4.33,22.7,132471,CNG,Dealer,Automatic,1
Mahindra Bolero,2008,0.94,10.5,129680,CNG,Dealer,Automatic,2
Honda Amaze,2005,0.98,15.5,105887,Diesel,Dealer,Manual,2
Mahindra Scorpio,2007,0.56,7.8,132997,CNG,Individual,Automatic,3
Tata Harrier,2012,2.12,10.6,11892,CNG,Dealer,Manual,3
Tata Harrier,2015,1.18,6.7,197416,CNG,Dealer,Automatic,1
Tata Harrier,2010,0.98,9.7,170750,CNG,Dealer,Automatic,2
Maruti Suzuki Baleno,2008,0.64,5.5,38929,CNG,Dealer,Automatic,2
Mahindra XUV500,2009,0.95,7.5,49885,Petrol,Individual,Manual,0
Hyundai Creta,2017,3.61,12.0,71029,Petrol,Individual,Manual,3
Tata Harrier,2012,1.8,12.6,140651,Diesel,Dealer,Manual,2
Hyundai Creta,2004,0.5,6.9,112871,Petrol,Dealer,Manual,1
Honda Jazz,2015,5.42,22.1,41971,CNG,Individual,Automatic,3
Maruti Suzuki Alto,2009,1.15,9.1,34631,CNG,Individual,Automatic,3
Toyota Innova,2013,2.3,10.7,21058,CNG,Individual,Automatic,3
Honda City,2014,3.56,23.1,184770,Petrol,Individual,Manual,3
Hyundai Verna,2011,1.44,10.4,113758,Petrol,Individual,Manual,3
Hyundai Creta,2014,3.08,12.5,75201,Petrol,Dealer,Manual,2
Mercedes-Benz C-Class,2004,1.21,28.3,178971,Petrol,Individual,Manual,3
Mahindra Bolero,2014,2.26,12.9,125007,CNG,Individual,Manual,3
Hyundai Creta,2011,1.63,13.9,137219,CNG,Dealer,Automatic,3
Hyundai Verna,2020,3.46,7.8,132786,Diesel,Individual,Manual,1
Honda Jazz,2020,8.28,14.2,10188,CNG,Dealer,Manual,0
Toyota Etios,2010,1.98,13.5,26604,CNG,Dealer,Manual,3
Hyundai Creta,2012,0.99,7.5,178009,Diesel,Individual,Manual,0
Hyundai Creta,2008,1.42,13.6,62973,Petrol,Dealer,Manual,0
Mercedes-Benz C-Class,2015,11.73,61.2,147840,CNG,Dealer,Manual,2
Maruti Suzuki Baleno,2003,0.79,14.2,64719,CNG,Dealer,Manual,3
Maruti Suzuki Alto,2014,2.43,10.1,119039,Diesel,Individual,Automatic,0
Toyota Innova,2005,1.28,24.1,146179,Petrol,Individual,Manual,3
Mahindra Scorpio,2010,1.44,10.3,56897,CNG,Dealer,Manual,2
Tata Harrier,2006,0.5,5.8,57289,CNG,Dealer,Automatic,1
BMW 3 Series,2017,24.29,76.3,92615,CNG,Dealer,Automatic,3
Tata Harrier,2013,1.61,10.7,157625,CNG,Individual,Automatic,2
Tata Tiago,2017,5.74,14.6,10051,CNG,Individual,Automatic,0
Toyota Innova,2003,0.8,13.1,68166,Petrol,Dealer,Manual,2
Mahindra Scorpio,2020,3.71,10.3,159844,Petrol,Individual,Manual,3
Hyundai Creta,2011,0.91,8.0,162608,Petrol,Individual,Automatic,2
Tata Nexon,2009,1.11,12.1,199682,Diesel,Dealer,Manual,3
Ford EcoSport,2006,0.96,10.5,88746,Petrol,Dealer,Manual,0
Toyota Fortuner,2014,5.2,23.0,123850,Diesel,Individual,Manual,0
Mercedes-Benz C-Class,2015,5.99,28.0,147463,Petrol,Dealer,Manual,2
Honda Amaze,2007,0.72,8.9,112991,Diesel,Individual,Manual,3
Tata Nexon,2007,0.55,5.5,31638,Diesel,Individual,Automatic,2
Mahindra Scorpio,2016,3.72,12.5,44177,Petrol,Dealer,Manual,3
Ford EcoSport,2009,1.05,10.2,147428,Petrol,Individual,Manual,2
Toyota Fortuner,2005,0.69,9.9,118418,Diesel,Dealer,Automatic,1
BMW 3 Series,2003,3.63,67.3,54369,Diesel,Dealer,Manual,3
Honda Amaze,2009,2.34,19.7,50892,CNG,Individual,Manual,0
BMW 3 Series,2007,6.52,72.8,85414,Petrol,Dealer,Manual,2
Maruti Suzuki Swift,2013,1.03,6.3,151034,Petrol,Individual,Automatic,3
Hyundai Creta,2003,0.5,8.1,183939,CNG,Individual,Automatic,1
Honda City,2011,1.08,8.9,181640,Petrol,Individual,Automatic,2
Toyota Etios,2006,0.62,8.3,180239,Diesel,Individual,Automatic,0
Mahindra XUV500,2020,2.42,5.0,62133,CNG,Dealer,Manual,0
Mahindra Scorpio,2012,1.19,7.7,113127,CNG,Individual,Manual,2
Toyota Etios,2012,1.97,12.0,141400,Diesel,Individual,Automatic,3
Maruti Suzuki Swift,2020,6.96,14.4,69135,Petrol,Dealer,Automatic,1
Tata Nexon,2019,4.89,14.6,170549,CNG,Individual,Automatic,1
Tata Harrier,2012,2.52,14.0,96320,Diesel,Individual,Manual,1
Honda City,2007,0.9,13.3,194847,CNG,Individual,Automatic,1
Ford EcoSport,2008,0.64,7.5,156103,CNG,Individual,Manual,2
Hyundai Creta,2003,0.62,12.4,118538,Diesel,Dealer,Automatic,2
Honda City,2006,0.88,10.2,16867,CNG,Dealer,Manual,1
Maruti Suzuki Swift,2014,1.09,4.9,134938,Petrol,Dealer,Automatic,1
Mahindra XUV500,2018,2.51,5.5,60661,Petrol,Individual,Automatic,0
Tata Harrier,2010,1.74,12.2,63171,Petrol,Individual,Manual,3
Mahindra XUV500,2013,2.86,13.5,74692,Diesel,Dealer,Manual,3
Tata Nexon,2020,3.58,9.8,194578,Petrol,Individual,Automatic,3
Maruti Suzuki Alto,2010,1.15,9.7,113707,CNG,Individual,Automatic,0
Tata Tiago,2015,3.74,13.7,84950,Diesel,Individual,Automatic,2
Maruti Suzuki Alto,2019,4.9,13.9,131524,CNG,Dealer,Manual,0
Ford EcoSport,2020,2.59,5.5,118412,Diesel,Dealer,Manual,1
Honda City,2017,2.76,9.5,94954,CNG,Individual,Manual,0
Tata Tiago,2014,0.74,4.9,195408,Diesel,Individual,Automatic,3
Hyundai Verna,2013,1.62,10.2,182891,Petrol,Individual,Manual,1
Maruti Suzuki Alto,2016,2.21,7.4,126983,Diesel,Individual,Manual,1
Maruti Suzuki Swift,2011,0.55,4.1,140450,Diesel,Individual,Automatic,1
Mahindra XUV500,2017,2.98,8.5,30815,CNG,Individual,Manual,2
Mahindra Bolero,2009,0.63,4.5,48864,Petrol,Dealer,Manual,1
Ford EcoSport,2012,1.43,7.6,32990,Petrol,Individual,Automatic,1
Toyota Innova,2020,4.99,11.0,129364,CNG,Dealer,Manual,0
Toyota Fortuner,2014,5.59,23.3,27738,Diesel,Individual,Automatic,3
Honda Jazz,2013,2.98,17.0,147532,Petrol,Individual,Manual,0
Mercedes-Benz C-Class,2019,27.15,79.3,136789,CNG,Dealer,Automatic,2
Ford EcoSport,2014,2.51,14.2,171032,CNG,Dealer,Automatic,3
BMW 3 Series,2010,8.76,64.0,60739,Petrol,Individual,Manual,3
Hyundai i20,2009,1.48,12.8,118693,Diesel,Individual,Automatic,2
Mercedes-Benz C-Class,2009,3.16,25.6,62740,CNG,Dealer,Automatic,0
Mahindra Scorpio,2020,4.45,7.6,11607,Petrol,Dealer,Automatic,3
BMW 3 Series,2003,4.51,70.8,60860,Diesel,Dealer,Automatic,3
Mercedes-Benz C-Class,2007,4.16,51.5,174416,Diesel,Dealer,Automatic,3
Maruti Suzuki Alto,2019,2.52,7.3,187785,Diesel,Individual,Manual,2
Toyota Etios,2005,1.86,24.5,83520,Petrol,Dealer,Automatic,1
Tata Nexon,2008,0.99,10.5,90814,CNG,Dealer,Manual,2
Mahindra XUV500,2010,1.1,8.1,89332,Petrol,Dealer,Manual,0
Maruti Suzuki Alto,2009,1.37,14.0,126332,CNG,Individual,Automatic,1
Mahindra XUV500,2019,3.2,7.4,95809,Petrol,Individual,Manual,1
Tata Tiago,2015,2.84,11.9,146929,Petrol,Individual,Automatic,0
BMW 3 Series,2005,3.59,43.3,22095,Petrol,Dealer,Manual,2
Honda City,2013,2.44,11.4,85121,Diesel,Dealer,Automatic,0
Hyundai Verna,2011,0.59,5.3,173301,CNG,Individual,Manual,2
Honda Jazz,2007,2.08,24.0,84256,CNG,Individual,Manual,0
Toyota Fortuner,2020,8.44,15.5,44098,Petrol,Dealer,Manual,0
Maruti Suzuki Baleno,2016,1.65,8.3,194727,CNG,Dealer,Automatic,2
Honda City,2020,3.26,9.3,132079,CNG,Individual,Manual,3
Toyota Innova,2017,5.05,16.0,68666,Petrol,Dealer,Automatic,3
Toyota Fortuner,2013,3.54,15.7,17933,Petrol,Dealer,Manual,2
Hyundai Verna,2012,1.63,12.4,168450,CNG,Individual,Manual,3
Hyundai i20,2013,2.22,10.1,28592,Diesel,Dealer,Automatic,3
Honda Amaze,2020,5.2,10.7,136451,Diesel,Individual,Automatic,1
Ford EcoSport,2016,3.31,12.6,124125,CNG,Dealer,Manual,1
Maruti Suzuki Baleno,2018,1.5,5.3,166257,Diesel,Dealer,Manual,3
Tata Nexon,2005,0.54,10.6,189701,CNG,Dealer,Automatic,3
Maruti Suzuki Alto,2005,0.5,6.4,46416,CNG,Individual,Manual,1
Toyota Innova,2015,4.29,18.5,127220,Petrol,Individual,Automatic,2
Toyota Innova,2016,6.21,20.2,100246,Petrol,Individual,Automatic,1
Maruti Suzuki Alto,2014,3.79,13.9,23927,Petrol,Dealer,Manual,2
Honda Amaze,2016,4.91,19.9,113355,CNG,Dealer,Automatic,3
Mahindra Bolero,2009,1.26,11.3,134484,Petrol,Individual,Automatic,2
Hyundai Creta,2012,2.09,15.0,185653,Petrol,Individual,Manual,0
Hyundai Creta,2018,4.78,11.2,45592,Petrol,Individual,Automatic,3
BMW 3 Series,2016,13.95,59.3,129116,CNG,Dealer,Automatic,3
Hyundai Verna,2016,2.78,10.7,161503,Diesel,Individual,Automatic,3
Ford EcoSport,2014,1.19,4.4,19926,CNG,Dealer,Automatic,0
Maruti Suzuki Baleno,2007,0.98,12.0,147994,Diesel,Dealer,Manual,0
Mercedes-Benz C-Class,2005,3.53,62.6,151347,CNG,Dealer,Manual,2
Maruti Suzuki Swift,2018,3.14,9.0,133006,CNG,Dealer,Automatic,2
Toyota Innova,2012,1.47,10.8,192203,CNG,Dealer,Automatic,0
Ford EcoSport,2008,0.76,10.3,182050,Diesel,Individual,Automatic,3
Mahindra Scorpio,2005,1.07,13.4,82836,Diesel,Individual,Automatic,2
Maruti Suzuki Swift,2006,0.69,10.6,165128,CNG,Individual,Automatic,2
Honda Jazz,2010,1.92,16.2,148251,Petrol,Dealer,Manual,1
Hyundai Creta,2018,4.31,12.3,118251,Diesel,Individual,Automatic,1
Toyota Etios,2004,1.26,18.9,40407,Petrol,Individual,Automatic,3
Mahindra XUV500,2020,2.14,6.6,189178,CNG,Dealer,Automatic,2
Tata Harrier,2003,0.5,7.2,127655,Diesel,Dealer,Manual,0
Mercedes-Benz C-Class,2014,14.57,77.6,123190,CNG,Dealer,Automatic,2
Hyundai i20,2011,1.68,11.2,112538,Diesel,Individual,Manual,2
Hyundai Verna,2013,1.29,10.0,186370,Petrol,Individual,Manual,3
Hyundai i20,2017,2.89,7.9,84264,Diesel,Individual,Manual,0
Maruti Suzuki Alto,2009,1.3,14.5,177269,Petrol,Individual,Manual,1
Mercedes-Benz C-Class,2008,5.83,74.3,192361,Petrol,Dealer,Automatic,3
Maruti Suzuki Baleno,2017,5.44,14.1,82452,Diesel,Dealer,Automatic,1
Honda Jazz,2004,0.91,14.5,97203,Petrol,Dealer,Automatic,1
Mahindra XUV500,2009,1.32,10.7,56777,CNG,Dealer,Manual,1
Tata Harrier,2009,1.44,10.8,37852,Diesel,Dealer,Manual,0
Ford EcoSport,2011,2.5,12.5,14919,Diesel,Individual,Manual,0
Honda Jazz,2007,1.54,19.9,112584,CNG,Individual,Automatic,3
Maruti Suzuki Baleno,2020,2.67,6.5,110774,CNG,Dealer,Manual,2
Toyota Innova,2015,2.03,8.9,179626,Petrol,Dealer,Automatic,0
Toyota Innova,2009,1.65,11.0,20310,Diesel,Individual,Automatic,3
Mercedes-Benz C-Class,2014,9.22,51.8,175882,Diesel,Individual,Manual,0
Ford EcoSport,2010,1.48,9.4,26513,CNG,Dealer,Automatic,3
Maruti Suzuki Swift,2004,0.5,7.7,98530,CNG,Individual,Automatic,0
Mercedes-Benz C-Class,2019,14.26,50.2,187754,CNG,Individual,Manual,0
Hyundai Creta,2018,3.17,11.2,133527,CNG,Individual,Manual,1
Mercedes-Benz C-Class,2004,5.22,74.8,35504,Diesel,Individual,Manual,0
BMW 3 Series,2010,3.99,28.5,63121,Diesel,Dealer,Automatic,2
Ford EcoSport,2020,2.73,5.5,65897,Petrol,Individual,Automatic,0
Hyundai Creta,2016,1.69,5.8,106974,CNG,Individual,Automatic,1
Maruti Suzuki Alto,2007,0.5,5.1,175726,CNG,Dealer,Manual,0
Maruti Suzuki Baleno,2003,0.5,4.1,33367,CNG,Dealer,Automatic,3
Honda City,2007,1.61,18.9,147124,Diesel,Dealer,Manual,1
Maruti Suzuki Alto,2008,0.87,11.9,170445,Petrol,Dealer,Automatic,3
Honda Amaze,2009,1.01,10.0,148988,Petrol,Dealer,Manual,3
Honda City,2011,1.48,8.9,39538,Petrol,Dealer,Automatic,1
Maruti Suzuki Alto,2004,0.72,11.1,84727,Petrol,Dealer,Automatic,2
Tata Tiago,2004,0.5,5.1,23751,CNG,Individual,Manual,0
Hyundai i20,2005,0.82,13.8,199111,Diesel,Dealer,Automatic,1
Toyota Fortuner,2010,2.8,21.2,95493,Petrol,Individual,Manual,3
Tata Nexon,2010,0.53,4.8,163378,Diesel,Individual,Automatic,1
BMW 3 Series,2017,11.71,34.8,107906,Petrol,Dealer,Manual,2
Honda City,2013,1.35,10.2,191458,CNG,Individual,Automatic,1
Tata Tiago,2017,2.82,8.6,100066,Petrol,Dealer,Manual,1
Mahindra Bolero,2010,0.55,5.0,146778,Diesel,Individual,Automatic,3
Tata Harrier,2010,0.79,6.7,123835,CNG,Individual,Manual,0
Maruti Suzuki Alto,2004,0.84,14.9,142177,Petrol,Dealer,Automatic,3
Hyundai i20,2017,3.16,9.4,31781,CNG,Individual,Automatic,1
Toyota Innova,2010,3.14,19.0,33784,Petrol,Dealer,Automatic,1
Ford EcoSport,2003,0.73,14.7,131572,Petrol,Dealer,Manual,2
Mercedes-Benz C-Class,2003,4.62,72.3,28533,Diesel,Dealer,Manual,2
Honda Jazz,2020,9.13,17.8,64302,CNG,Individual,Automatic,0
Toyota Etios,2004,0.58,9.9,105837,Diesel,Individual,Automatic,2
Mahindra Bolero,2005,0.82,10.2,63664,Petrol,Dealer,Manual,0
Ford EcoSport,2009,1.49,12.3,69097,Diesel,Dealer,Automatic,3
Maruti Suzuki Baleno,2014,1.43,7.8,137461,CNG,Individual,Automatic,2
Toyota Etios,2005,0.7,11.2,130028,Petrol,Individual,Automatic,1
Maruti Suzuki Baleno,2006,0.55,5.8,39366,CNG,Individual,Automatic,1
Mahindra Scorpio,2003,0.5,7.2,188887,CNG,Individual,Automatic,2
Mercedes-Benz C-Class,2003,2.52,41.0,26501,Petrol,Individual,Automatic,3
Mercedes-Benz C-Class,2013,7.6,51.7,184549,CNG,Dealer,Automatic,2
Toyota Innova,2008,2.44,21.4,69449,Diesel,Dealer,Automatic,0
Toyota Innova,2017,6.88,24.3,172170,Petrol,Dealer,Manual,1
Hyundai Creta,2008,0.81,6.6,20787,Diesel,Individual,Automatic,2
Honda City,2020,7.54,20.0,184470,Diesel,Dealer,Manual,2
Hyundai Verna,2020,4.48,7.3,16533,Diesel,Dealer,Manual,3
Hyundai Creta,2003,0.68,14.7,153168,CNG,Dealer,Automatic,3
Ford EcoSport,2007,1.09,12.8,125895,Diesel,Individual,Automatic,0
Mahindra Bolero,2006,0.5,7.4,115284,CNG,Individual,Automatic,2
Maruti Suzuki Alto,2009,1.4,10.4,68233,Diesel,Individual,Manual,0
Tata Tiago,2005,1.14,14.7,113395,Petrol,Dealer,Automatic,0
Toyota Etios,2015,2.65,10.5,122103,Diesel,Dealer,Automatic,0
Toyota Etios,2012,3.62,24.6,157071,Petrol,Individual,Automatic,3
Toyota Innova,2008,1.91,21.7,121105,CNG,Dealer,Manual,0
Toyota Innova,2018,7.91,24.8,147704,Diesel,Individual,Automatic,0
Mercedes-Benz C-Class,2011,6.79,47.8,155703,Diesel,Individual,Manual,1
Toyota Innova,2020,6.89,16.3,89165,CNG,Dealer,Automatic,3
Maruti Suzuki Swift,2007,0.5,6.9,177917,CNG,Dealer,Manual,2
Mahindra XUV500,2010,0.6,4.3,82670,Diesel,Individual,Automatic,3
Honda Jazz,2018,11.17,24.6,41348,Diesel,Individual,Automatic,1
Hyundai Creta,2013,1.34,9.1,191739,Petrol,Dealer,Manual,0
Tata Harrier,2014,1.01,4.5,86457,CNG,Individual,Manual,1
BMW 3 Series,2008,4.99,54.9,92892,CNG,Dealer,Automatic,2
Ford EcoSport,2014,3.33,13.1,13381,Petrol,Dealer,Automatic,3
Hyundai Verna,2006,0.5,6.4,141958,Petrol,Individual,Manual,3
Maruti Suzuki Baleno,2006,1.22,13.0,14555,Diesel,Dealer,Automatic,2
Tata Tiago,2019,5.05,12.4,99665,Petrol,Dealer,Manual,0
Hyundai Creta,2010,1.01,7.4,65008,Petrol,Individual,Automatic,0
Mahindra XUV500,2016,1.67,4.5,38263,Petrol,Individual,Automatic,0
Maruti Suzuki Alto,2005,0.57,7.3,12692,Petrol,Individual,Manual,1
Toyota Etios,2003,0.56,9.5,82712,CNG,Dealer,Automatic,1
BMW 3 Series,2010,8.83,52.8,27914,Petrol,Individual,Manual,1
Hyundai Verna,2020,2.24,4.0,35869,Petrol,Dealer,Automatic,1
Hyundai i20,2008,1.18,13.2,109513,Diesel,Individual,Manual,3
Toyota Fortuner,2006,1.13,15.9,146243,Petrol,Dealer,Automatic,2
Maruti Suzuki Alto,2005,0.66,7.6,40335,Diesel,Dealer,Automatic,2
Tata Tiago,2010,1.45,10.1,86176,Diesel,Individual,Manual,3
Toyota Etios,2008,0.66,8.2,186726,Diesel,Individual,Automatic,3
Maruti Suzuki Baleno,2006,0.5,5.6,115021,CNG,Individual,Manual,0
Honda City,2013,1.92,11.4,115981,Petrol,Individual,Automatic,3
Ford EcoSport,2011,1.65,12.3,178776,Diesel,Dealer,Automatic,3
Mahindra Scorpio,2011,0.74,5.6,129179,Petrol,Individual,Automatic,3
Mercedes-Benz C-Class,2007,2.79,26.6,23854,Petrol,Dealer,Manual,1
Toyota Fortuner,2007,0.86,13.1,173376,Petrol,Individual,Automatic,3
Mahindra XUV500,2018,3.19,9.6,152196,Diesel,Individual,Manual,3
Hyundai i20,2015,2.23,9.0,108654,Diesel,Dealer,Manual,0
Toyota Innova,2008,2.16,16.4,45255,Diesel,Dealer,Automatic,0
Mahindra XUV500,2020,4.91,11.5,160001,Diesel,Dealer,Manual,0
Mahindra XUV500,2015,2.96,10.8,102474,Diesel,Dealer,Manual,0
Hyundai Creta,2014,1.52,7.8,163083,Petrol,Dealer,Automatic,0
Toyota Etios,2016,3.05,14.0,183340,Petrol,Individual,Manual,2
Maruti Suzuki Baleno,2012,0.98,5.3,54506,Petrol,Dealer,Manual,3
Tata Harrier,2019,5.76,13.9,79892,Petrol,Dealer,Manual,2
Tata Nexon,2013,1.71,10.3,138020,Petrol,Individual,Automatic,3
Toyota Fortuner,2008,2.18,18.5,105245,Diesel,Individual,Automatic,0
Mahindra Bolero,2009,1.13,7.2,22460,Diesel,Dealer,Manual,0
Ford EcoSport,2006,0.87,10.5,81660,Petrol,Dealer,Automatic,1
Maruti Suzuki Baleno,2012,1.63,9.6,88619,Diesel,Dealer,Manual,3
BMW 3 Series,2019,15.65,49.9,153540,Petrol,Individual,Manual,3
Tata Tiago,2011,1.74,14.3,149649,CNG,Dealer,Manual,1
Hyundai Creta,2010,0.66,5.7,189649,Diesel,Dealer,Automatic,2
Maruti Suzuki Baleno,2009,1.69,13.3,79975,Diesel,Individual,Automatic,1
Hyundai i20,2007,0.58,6.1,74379,Diesel,Dealer,Automatic,3
Maruti Suzuki Alto,2009,0.81,5.8,45764,Petrol,Dealer,Automatic,1
Maruti Suzuki Alto,2018,6.31,12.6,24503,Petrol,Dealer,Automatic,0
Tata Harrier,2014,3.15,11.4,33673,Diesel,Individual,Manual,0
Mahindra Scorpio,2006,0.62,9.7,162153,CNG,Dealer,Automatic,0
Hyundai i20,2013,1.04,7.6,163177,CNG,Dealer,Manual,3
Hyundai i20,2008,0.76,6.4,81970,Diesel,Dealer,Automatic,0
Toyota Etios,2006,1.04,13.4,121091,Diesel,Individual,Automatic,1
Toyota Etios,2012,1.14,8.4,168810,Petrol,Individual,Manual,2
Toyota Innova,2014,3.42,23.4,189633,Petrol,Individual,Automatic,3
Tata Nexon,2011,1.16,7.3,71724,Diesel,Individual,Manual,3
Mercedes-Benz C-Class,2016,21.35,68.4,81837,Petrol,Dealer,Automatic,3
Toyota Fortuner,2016,7.21,22.9,36318,Petrol,Dealer,Manual,2
Mahindra Bolero,2013,1.92,9.0,17169,Petrol,Individual,Automatic,1
Honda City,2012,2.79,13.3,31556,Petrol,Individual,Manual,1
Tata Harrier,2013,1.92,9.0,44998,Diesel,Individual,Automatic,2
Tata Harrier,2014,1.35,6.0,108912,CNG,Individual,Manual,0
Mercedes-Benz C-Class,2010,9.22,74.9,131221,Petrol,Dealer,Manual,0
Tata Harrier,2011,0.8,5.6,106448,Petrol,Individual,Manual,3
Tata Tiago,2018,1.52,5.3,197056,Petrol,Individual,Automatic,2
Tata Nexon,2007,0.81,8.7,64160,CNG,Individual,Automatic,1
Tata Harrier,2007,0.5,4.3,78629,Petrol,Dealer,Manual,2
Mercedes-Benz C-Class,2017,9.47,29.7,132914,Petrol,Dealer,Automatic,1
Tata Harrier,2011,0.62,4.8,156014,Petrol,Individual,Automatic,1
Toyota Etios,2004,0.5,8.1,142262,CNG,Dealer,Automatic,3
Hyundai Creta,2020,2.61,4.5,57021,Diesel,Individual,Automatic,2
Hyundai Creta,2005,0.5,7.5,149047,Diesel,Individual,Automatic,0
Hyundai Creta,2018,5.33,13.6,83662,CNG,Dealer,Automatic,2
Honda Jazz,2011,2.47,16.8,124235,Petrol,Dealer,Automatic,1
Mercedes-Benz C-Class,2017,10.22,27.9,48960,Petrol,Individual,Manual,0
Hyundai Verna,2017,2.46,8.8,139737,Petrol,Dealer,Automatic,3
Hyundai i20,2007,0.59,5.4,34530,Petrol,Dealer,Manual,1
Honda Jazz,2009,2.39,17.9,11081,CNG,Individual,Automatic,0
Mahindra XUV500,2006,1.38,13.8,16805,Diesel,Individual,Automatic,2
Hyundai i20,2013,1.38,5.7,31250,Diesel,Dealer,Automatic,2
Maruti Suzuki Swift,2013,2.09,14.7,182011,CNG,Dealer,Automatic,1
Maruti Suzuki Alto,2012,1.49,7.6,24558,CNG,Individual,Automatic,0
Hyundai Verna,2010,1.78,14.6,114573,Petrol,Individual,Manual,1
Tata Nexon,2012,1.52,11.1,181459,Petrol,Individual,Automatic,3
Toyota Innova,2007,1.58,14.1,35195,Diesel,Individual,Automatic,3
Mahindra XUV500,2011,1.48,10.2,120905,Petrol,Dealer,Automatic,1
Tata Harrier,2005,0.5,4.4,99586,Diesel,Individual,Manual,3
Mercedes-Benz C-Class,2019,10.84,29.6,132740,Diesel,Individual,Automatic,2
Hyundai Creta,2012,2.35,13.3,147125,Diesel,Dealer,Manual,0
Mahindra Scorpio,2006,0.69,9.6,118270,Petrol,Dealer,Automatic,2
Maruti Suzuki Baleno,2019,1.22,4.2,183428,Diesel,Individual,Manual,3
Tata Harrier,2012,1.1,7.5,199817,Diesel,Dealer,Automatic,2
Hyundai Verna,2009,0.57,6.0,168348,Diesel,Individual,Automatic,0
Hyundai i20,2003,0.5,5.9,135074,Diesel,Dealer,Automatic,2
BMW 3 Series,2014,10.01,63.0,190956,CNG,Dealer,Automatic,0
Maruti Suzuki Swift,2009,0.68,5.2,14164,CNG,Individual,Manual,1
Hyundai Creta,2010,0.9,8.8,174117,CNG,Individual,Manual,2
Hyundai Creta,2018,3.42,8.6,40528,Petrol,Individual,Automatic,3
Tata Tiago,2010,0.7,6.2,159272,Diesel,Individual,Automatic,0
Tata Harrier,2016,2.8,13.3,161692,CNG,Dealer,Manual,3
Mahindra Scorpio,2018,2.7,6.6,25913,CNG,Individual,Automatic,2
Honda Jazz,2016,6.93,23.1,40655,Diesel,Dealer,Automatic,3
Toyota Innova,2009,1.53,16.0,124848,Petrol,Individual,Automatic,3
Toyota Innova,2015,4.78,24.3,186451,CNG,Dealer,Automatic,1
Toyota Innova,2005,1.3,19.3,43841,Petrol,Individual,Manual,3
Tata Harrier,2018,2.84,7.3,64901,CNG,Individual,Manual,2
Toyota Etios,2008,0.88,11.0,141983,Petrol,Individual,Automatic,3
Honda Amaze,2006,1.49,17.6,137497,Diesel,Dealer,Automatic,0
Mahindra Bolero,2011,1.49,13.9,190914,CNG,Individual,Manual,3
Hyundai i20,2006,0.83,12.6,169817,Petrol,Individual,Manual,1
Honda City,2014,2.29,10.7,86578,CNG,Dealer,Automatic,0
Toyota Etios,2013,4.9,21.9,42239,Petrol,Dealer,Automatic,0
Mahindra XUV500,2013,1.46,7.2,54895,Petrol,Dealer,Automatic,3
Honda Amaze,2007,1.56,20.8,148844,Diesel,Individual,Manual,3
Tata Harrier,2017,3.44,14.5,145307,CNG,Dealer,Manual,3
Maruti Suzuki Swift,2019,7.51,14.4,32224,Diesel,Dealer,Automatic,1
Tata Nexon,2004,0.52,11.3,178156,Petrol,Individual,Automatic,3
Mahindra Bolero,2012,2.28,11.9,92233,Diesel,Individual,Automatic,1
Tata Tiago,2009,1.27,13.8,173672,CNG,Dealer,Automatic,3
Toyota Innova,2005,0.59,8.6,97685,Diesel,Individual,Automatic,1
Mahindra Bolero,2012,1.21,9.7,176641,Petrol,Individual,Manual,2
Toyota Innova,2016,7.76,24.8,38951,CNG,Individual,Automatic,2
Toyota Etios,2006,0.59,8.8,180645,Petrol,Dealer,Automatic,0
Honda Amaze,2020,12.85,22.4,71299,Diesel,Dealer,Automatic,1
Mahindra Scorpio,2010,0.5,5.2,145384,CNG,Individual,Automatic,3
Tata Harrier,2016,1.73,4.9,26303,Diesel,Individual,Automatic,1
Toyota Etios,2019,5.01,14.8,156530,CNG,Dealer,Automatic,3
Tata Tiago,2018,4.02,12.0,119293,Petrol,Individual,Manual,3
Hyundai Creta,2019,5.28,13.5,40948,CNG,Individual,Automatic,3
Hyundai Verna,2020,4.21,8.1,41133,CNG,Dealer,Manual,0
Toyota Innova,2004,1.2,16.9,40865,Diesel,Dealer,Automatic,2
Maruti Suzuki Swift,2007,0.5,5.6,164566,Diesel,Individual,Automatic,2
Mahindra XUV500,2003,0.5,5.3,101396,Petrol,Individual,Automatic,3
Ford EcoSport,2017,4.47,13.9,108908,Diesel,Individual,Manual,3
Tata Tiago,2007,1.37,13.5,95253,Petrol,Dealer,Automatic,1
Toyota Fortuner,2020,3.59,8.8,185752,Diesel,Dealer,Manual,1
Ford EcoSport,2012,2.09,10.2,42448,CNG,Individual,Manual,0
Mahindra Scorpio,2009,1.24,12.3,141763,Petrol,Individual,Manual,0
Honda City,2010,2.5,22.1,161926,Diesel,Individual,Automatic,3
Mahindra XUV500,2003,0.5,7.7,57319,Diesel,Individual,Automatic,3
Hyundai i20,2006,0.8,10.0,84803,Petrol,Individual,Automatic,0
Tata Harrier,2008,0.5,4.6,95273,Petrol,Individual,Manual,2
Toyota Fortuner,2007,1.39,15.0,94991,Diesel,Dealer,Manual,0
BMW 3 Series,2010,6.49,52.1,142231,Diesel,Individual,Automatic,0
Mahindra Bolero,2016,1.63,4.7,17577,Diesel,Individual,Manual,2
Ford EcoSport,2006,0.5,6.7,155413,CNG,Individual,Automatic,3
Mercedes-Benz C-Class,2019,18.05,36.2,47320,Diesel,Individual,Manual,3
Mahindra Bolero,2017,1.2,4.5,131805,CNG,Dealer,Manual,0
Mahindra XUV500,2011,1.15,10.6,188257,Diesel,Dealer,Manual,2
Mahindra Bolero,2005,0.5,7.3,113626,CNG,Individual,Manual,2
Honda City,2019,9.04,24.3,93441,CNG,Dealer,Automatic,3
Toyota Fortuner,2013,2.03,11.6,167158,Diesel,Individual,Manual,0
Maruti Suzuki Swift,2003,0.63,11.4,118308,CNG,Dealer,Automatic,0
Mercedes-Benz C-Class,2005,3.17,54.6,186059,Diesel,Individual,Automatic,3
Toyota Etios,2015,2.25,11.0,192722,Petrol,Individual,Automatic,2
Tata Tiago,2003,0.5,6.4,15185,Diesel,Dealer,Manual,0
Mercedes-Benz C-Class,2012,13.01,69.5,67972,Petrol,Dealer,Automatic,0
BMW 3 Series,2009,2.21,25.4,177362,Diesel,Individual,Automatic,3
Honda City,2008,1.04,9.1,43619,CNG,Individual,Manual,2
Honda Amaze,2019,7.6,20.4,81913,Petrol,Individual,Automatic,3
Tata Harrier,2004,0.96,13.4,94672,Diesel,Dealer,Automatic,0
Tata Tiago,2018,3.44,8.0,21394,CNG,Individual,Manual,2
Mahindra Bolero,2017,2.66,7.5,112723,Petrol,Dealer,Manual,0
Honda Amaze,2016,6.56,24.3,75531,Petrol,Individual,Automatic,2
Mercedes-Benz C-Class,2006,1.88,26.5,123232,Petrol,Dealer,Automatic,1
Honda Amaze,2013,3.99,22.2,97448,CNG,Individual,Manual,3
Mercedes-Benz C-Class,2017,22.66,56.8,32422,Petrol,Individual,Automatic,2
Maruti Suzuki Baleno,2007,0.5,4.7,125846,Petrol,Dealer,Automatic,0
Maruti Suzuki Alto,2020,2.42,4.6,109996,Diesel,Individual,Automatic,1
BMW 3 Series,2003,2.69,49.9,131689,Diesel,Individual,Automatic,0
Toyota Fortuner,2009,1.33,9.8,13221,CNG,Individual,Manual,1
Honda Jazz,2014,2.21,15.2,199955,CNG,Dealer,Manual,1
Maruti Suzuki Alto,2004,0.5,5.4,163229,Diesel,Dealer,Automatic,1
Toyota Innova,2013,2.85,12.9,12118,CNG,Individual,Manual,1
Mahindra Bolero,2004,0.52,8.6,61224,Petrol,Individual,Manual,2
Mahindra XUV500,2017,3.06,10.6,96807,CNG,Dealer,Automatic,3
Hyundai i20,2017,5.63,13.6,21060,Diesel,Individual,Manual,1
Tata Tiago,2009,0.65,6.6,96904,CNG,Dealer,Manual,3
Maruti Suzuki Swift,2014,0.84,4.1,103817,Petrol,Individual,Manual,2
Mercedes-Benz C-Class,2014,6.94,27.4,17781,Petrol,Individual,Automatic,1
Honda Jazz,2008,1.15,13.8,155360,Petrol,Individual,Manual,0
Honda Jazz,2006,0.55,8.4,187590,Petrol,Dealer,Manual,2
Toyota Innova,2017,3.51,12.1,107609,CNG,Individual,Automatic,0
Hyundai Creta,2009,0.7,6.1,109141,CNG,Dealer,Automatic,3
Honda Amaze,2004,1.0,21.0,163963,Petrol,Dealer,Manual,2
Mercedes-Benz C-Class,2011,10.12,73.0,143239,CNG,Dealer,Manual,0
BMW 3 Series,2005,1.99,34.2,111742,CNG,Dealer,Automatic,3
Toyota Etios,2019,6.52,19.8,197603,Diesel,Dealer,Automatic,3
Ford EcoSport,2004,0.5,6.3,63215,Diesel,Individual,Automatic,1
Tata Nexon,2008,1.46,14.3,108069,Diesel,Individual,Manual,0
Mahindra Scorpio,2014,1.73,6.5,20785,Diesel,Dealer,Automatic,3
Tata Harrier,2014,2.98,12.8,93105,Diesel,Dealer,Manual,1
Honda Jazz,2005,1.12,14.1,31605,Diesel,Individual,Automatic,1
Maruti Suzuki Baleno,2014,1.05,4.4,62509,Diesel,Individual,Automatic,2
Honda Jazz,2009,2.32,20.0,46140,CNG,Dealer,Manual,2
Toyota Etios,2015,5.25,24.1,162031,CNG,Individual,Automatic,1
Honda Amaze,2010,2.81,20.3,65017,Diesel,Individual,Automatic,3
Maruti Suzuki Baleno,2013,2.15,13.3,122405,CNG,Dealer,Manual,3
Mahindra Bolero,2003,0.5,8.1,161390,Petrol,Dealer,Manual,3
Toyota Etios,2013,2.09,11.8,121599,CNG,Dealer,Automatic,2
Ford EcoSport,2004,1.15,14.1,50289,Diesel,Dealer,Automatic,1
Maruti Suzuki Baleno,2020,3.3,8.3,134460,Petrol,Dealer,Automatic,2
Hyundai i20,2020,1.97,6.0,190623,CNG,Dealer,Manual,1
Tata Nexon,2012,1.07,6.3,86311,CNG,Individual,Automatic,0
Maruti Suzuki Swift,2008,0.77,7.6,117704,Diesel,Individual,Manual,1
Mahindra XUV500,2005,0.64,8.3,64127,Petrol,Individual,Automatic,3
Mahindra XUV500,2008,0.97,10.6,91346,CNG,Individual,Automatic,2
Hyundai Creta,2017,1.31,4.7,114657,CNG,Individual,Automatic,3
Ford EcoSport,2004,0.71,12.1,85474,CNG,Dealer,Automatic,2
Hyundai Verna,2016,1.55,6.7,171935,CNG,Dealer,Automatic,3
Hyundai Verna,2006,0.8,8.3,21446,Petrol,Individual,Automatic,2
Maruti Suzuki Baleno,2009,1.62,14.0,117814,CNG,Individual,Automatic,0
Mahindra Scorpio,2013,1.61,8.5,53211,Diesel,Individual,Manual,3
Mercedes-Benz C-Class,2017,14.04,46.0,114685,Petrol,Dealer,Manual,0
Hyundai Creta,2013,2.23,11.4,131699,Diesel,Dealer,Manual,0
Honda Amaze,2017,3.31,10.4,83175,Petrol,Individual,Manual,0
Hyundai i20,2020,6.44,12.2,54159,Petrol,Individual,Automatic,1
Hyundai Verna,2009,1.14,11.9,186958,CNG,Individual,Automatic,0
Mahindra Scorpio,2006,0.75,8.3,90825,Diesel,Individual,Manual,0
Honda City,2010,1.69,14.4,72531,Petrol,Individual,Manual,3
Maruti Suzuki Swift,2013,2.0,13.0,188247,CNG,Individual,Manual,0
Hyundai Verna,2008,0.5,4.5,144348,Petrol,Dealer,Automatic,1
Mahindra Bolero,2015,3.76,14.3,41668,Petrol,Individual,Manual,2
Maruti Suzuki Swift,2015,3.31,11.2,13140,Diesel,Individual,Automatic,1
Honda Jazz,2014,2.41,8.7,67294,Diesel,Dealer,Automatic,0
Ford EcoSport,2008,0.77,6.8,34836,CNG,Dealer,Automatic,1
Mercedes-Benz C-Class,2013,13.46,78.8,184685,Diesel,Individual,Automatic,0
Ford EcoSport,2017,1.8,8.2,177927,CNG,Individual,Manual,1
Hyundai i20,2012,1.02,6.6,122328,Petrol,Individual,Manual,1
Toyota Innova,2009,1.23,10.6,63578,CNG,Individual,Manual,3
Toyota Fortuner,2007,0.92,12.7,178716,Petrol,Dealer,Automatic,0
Toyota Fortuner,2013,1.89,12.1,151377,Petrol,Individual,Manual,3
Hyundai Verna,2017,4.54,10.9,26938,Diesel,Individual,Manual,0
Hyundai Creta,2009,0.66,5.4,55528,CNG,Individual,Manual,0
Tata Tiago,2012,1.04,5.8,61782,Petrol,Dealer,Manual,1
Ford EcoSport,2017,5.15,14.6,62796,Diesel,Dealer,Manual,2
Hyundai Verna,2018,2.36,8.9,142459,CNG,Dealer,Manual,3
Tata Nexon,2016,3.46,13.4,88703,CNG,Individual,Manual,2
Toyota Innova,2017,3.03,12.8,157362,CNG,Dealer,Manual,2
Mahindra XUV500,2009,0.68,5.7,59709,Petrol,Individual,Automatic,3
Tata Harrier,2015,3.95,14.7,107817,Diesel,Dealer,Automatic,0
Maruti Suzuki Alto,2006,0.57,8.2,158270,Petrol,Individual,Automatic,2
Toyota Etios,2019,6.57,20.1,176456,CNG,Dealer,Manual,3
Honda Amaze,2010,1.94,16.1,104742,CNG,Individual,Manual,2
Hyundai Creta,2011,0.86,6.7,161608,CNG,Individual,Manual,0
Mercedes-Benz C-Class,2015,10.63,46.9,163658,Petrol,Individual,Automatic,1
Honda Jazz,2012,2.38,16.5,149775,CNG,Dealer,Automatic,3
Maruti Suzuki Baleno,2006,0.85,11.0,100280,Petrol,Dealer,Manual,3
Maruti Suzuki Swift,2008,1.59,13.0,10413,Petrol,Individual,Automatic,3
Tata Harrier,2008,0.55,5.9,58863,CNG,Individual,Manual,3
